,question_number,question,options,content_domain,skill,final_answer,answer,usage,gen_ques,gen_ans,gen_metadata
0,1,"The equation (9x + 5 = a(x + b)), where (a) and (b) are constants, has no solutions. Which of the following must be true?\n\nI. (a = 9)\nII. (b = 5)\nIII. (b \neq 0)","{'A': 'None', 'B': 'I only', 'C': 'I and II only', 'D': 'I and III only'}",Algebra,Linear equations in one variable,B,"Okay, let's break this down step by step.

1.  **Start with the given equation:**
    `(9x + 5 = a(x + b))`

2.  **Distribute the constant `a` on the right side:**
    `9x + 5 = ax + ab`

3.  **Rearrange the equation to group terms with `x` on one side and constant terms on the other:**
    Subtract `ax` from both sides:
    `9x - ax + 5 = ab`
    Subtract `5` from both sides:
    `9x - ax = ab - 5`

4.  **Factor out `x` on the left side:**
    `(9 - a)x = ab - 5`

5.  **Analyze the conditions for no solution:**
    A linear equation in the form `Cx = D` has no solution if and only if:
    *   The coefficient of `x` is zero (`C = 0`).
    *   The constant term on the right side is non-zero (`D ≠ 0`).

6.  **Apply these conditions to our equation `(9 - a)x = ab - 5`:**
    *   Condition 1: The coefficient of `x` must be zero.
        `9 - a = 0`
        `a = 9`
    *   Condition 2: The constant term must be non-zero.
        `ab - 5 ≠ 0`

7.  **Substitute the value of `a` from Condition 1 into Condition 2:**
    Since `a` must be 9 for no solution (or infinitely many solutions), we substitute `a = 9` into the second condition:
    `(9)b - 5 ≠ 0`
    `9b ≠ 5`
    `b ≠ 5/9`

8.  **Summarize the conditions for no solution:**
    For the equation `9x + 5 = a(x + b)` to have no solution, we must have:
    *   `a = 9`
    *   `b ≠ 5/9`

9.  **Evaluate the given statements:**
    *   **I. `(a = 9)`:** This matches our first condition. This *must* be true for the equation to have no solution.
    *   **II. `(b = 5)`:** Our condition is `b ≠ 5/9`. `b = 5` satisfies this condition (since `5 ≠ 5/9`), but it's not the *only* possibility. For instance, `b = 1` also satisfies `b ≠ 5/9`. Since `b` doesn't *have* to be 5, statement II is not necessarily true.
    *   **III. `(b ≠ 0)`:** Our condition is `b ≠ 5/9`. `b = 0` satisfies this condition (since `0 ≠ 5/9`). If `a=9` and `b=0`, the equation becomes `0x = -5`, which has no solution. Since `b` *can* be 0, statement III (`b ≠ 0`) is not necessarily true.

10. **Conclusion:**
    Only statement I (`a = 9`) must be true for the equation to have no solutions.

11. **Match with the options:**
    The option corresponding to ""I only"" is B.

answer {B}","{'cache_tokens_details': None, 'cached_content_token_count': None, 'candidates_token_count': 772, 'candidates_tokens_details': None, 'prompt_token_count': 149, 'prompt_tokens_details': [ModalityTokenCount(modality=<MediaModality.TEXT: 'TEXT'>, token_count=149)], 'thoughts_token_count': 1438, 'tool_use_prompt_token_count': None, 'tool_use_prompt_tokens_details': None, 'total_token_count': 2359, 'traffic_type': None}","The equation (k+2)x + 8 = 5x + m), where (k) and (m) are constants, has no solutions. Which of the following must be true?

I. (k = 3)
II. (m = 8)
III. (k + m 
eq 11) 
 {'A': 'I only', 'B': 'II only', 'C': 'I and II only', 'D': 'I and III only'}","Okay, let's analyze the given equation and the conditions for having no solutions.

1.  **Start with the given equation:**
    `(k+2)x + 8 = 5x + m`

2.  **Rearrange the equation to group terms with `x` on one side and constant terms on the other:**
    Subtract `5x` from both sides:
    `(k+2)x - 5x + 8 = m`
    Subtract `8` from both sides:
    `(k+2)x - 5x = m - 8`
    Factor out `x` from the terms involving `x`:
    `(k+2 - 5)x = m - 8`
    Simplify the coefficient of `x`:
    `(k - 3)x = m - 8`

3.  **Analyze the conditions for a linear equation of the form `Ax = B` to have no solutions:**
    A linear equation has no solutions if and only if the coefficient of `x` is zero (`A = 0`) AND the constant term on the other side is non-zero (`B 
eq 0`).

4.  **Apply these conditions to our rearranged equation `(k - 3)x = m - 8`:**
    *   Condition 1: The coefficient of `x` must be zero.
        `k - 3 = 0`
        `k = 3`
    *   Condition 2: The constant term must be non-zero.
        `m - 8 
eq 0`
        `m 
eq 8`

5.  **Summarize the conditions for no solutions:**
    For the equation `(k+2)x + 8 = 5x + m` to have no solutions, we must have `k = 3` AND `m 
eq 8`.

6.  **Evaluate the given statements based on these conditions:**
    *   **I. `(k = 3)`:** This matches our first derived condition. This *must* be true for the equation to have no solutions.
    *   **II. `(m = 8)`:** This contradicts our second derived condition (`m 
eq 8`). Therefore, this statement *must* be false for the equation to have no solutions.
    *   **III. `(k + m 
eq 11)`:** We know that for no solutions, `k` must equal 3 and `m` must not equal 8. Let's substitute the value of `k` into the expression `k + m`. We get `3 + m`. The statement says `3 + m 
eq 11`. If we subtract 3 from both sides of this inequality, we get `m 
eq 11 - 3`, which simplifies to `m 
eq 8`. This is exactly our second derived condition for `m`. Therefore, statement III *must* be true.

7.  **Determine which statements must be true:**
    Statements I and III must be true. Statement II must be false.

8.  **Match with the options:**
    We are looking for the option that includes only the statements that must be true (I and III).
    Option A: I only (Incorrect)
    Option B: II only (Incorrect)
    Option C: I and II only (Incorrect)
    Option D: I and III only (Correct)

answer {D}","{'cache_tokens_details': None, 'cached_content_token_count': None, 'candidates_token_count': 917, 'candidates_tokens_details': None, 'prompt_token_count': 1025, 'prompt_tokens_details': [ModalityTokenCount(modality=<MediaModality.TEXT: 'TEXT'>, token_count=1025)], 'thoughts_token_count': 2533, 'tool_use_prompt_token_count': None, 'tool_use_prompt_tokens_details': None, 'total_token_count': 4475, 'traffic_type': None}"
1,2,"To earn money for college, Avery works two part-time jobs: A and B. She earns $10 per hour working at job A and $20 per hour working at job B. In one week, Avery earned a total of (s) dollars for working at job B. The graph above represents all possible combinations of the number of hours Avery could have worked at the two jobs to earn (s) dollars. What is the value of (s)?","{'A': '128', 'B': '160', 'C': '200', 'D': '320'}",Algebra,Linear equations in two variables,320,"**1. Define Variables:**
Let *h_A* be the number of hours Avery worked at job A.
Let *h_B* be the number of hours Avery worked at job B.
Rate for job A = $10 per hour.
Rate for job B = $20 per hour.

**2. Interpret the Problem Statement and the Graph:**
The problem states that Avery earned *s* dollars from job B. It also states that the graph shows all possible combinations of hours worked at job A (*h_A*, represented on the x-axis) and job B (*h_B*, represented on the y-axis) for which the *total* earnings from *both* jobs is equal to *s* dollars.
Therefore, the equation representing the line in the graph is:
Total Earnings = (Earnings from Job A) + (Earnings from Job B)
*s* = (10 * *h_A*) + (20 * *h_B*)

**3. Analyze the Graph:**
The graph is a line segment connecting the y-intercept and the x-intercept.
*   **Y-intercept:** This is the point where Avery works 0 hours at job A (*h_A* = 0). From the graph, when *h_A* = 0, the number of hours worked at job B is *h_B* = 16.
*   **X-intercept:** This is the point where Avery works 0 hours at job B (*h_B* = 0). From the graph, when *h_B* = 0, the number of hours worked at job A is *h_A* = 32.

**4. Calculate *s* using the Intercepts:**
We can use either intercept point and substitute the corresponding values of *h_A* and *h_B* into the total earnings equation to find *s*.

*   **Using the y-intercept (0, 16):**
    *s* = 10 * *h_A* + 20 * *h_B*
    *s* = 10 * (0) + 20 * (16)
    *s* = 0 + 320
    *s* = 320

*   **Using the x-intercept (32, 0):**
    *s* = 10 * *h_A* + 20 * *h_B*
    *s* = 10 * (32) + 20 * (0)
    *s* = 320 + 0
    *s* = 320

Both points give the same value for *s*.

**5. Conclusion:**
The value of *s*, representing the total earnings depicted by the combinations of hours on the graph, is $320. This corresponds to option D.

answer {320}","{'cache_tokens_details': None, 'cached_content_token_count': None, 'candidates_token_count': 641, 'candidates_tokens_details': None, 'prompt_token_count': 176, 'prompt_tokens_details': [ModalityTokenCount(modality=<MediaModality.TEXT: 'TEXT'>, token_count=176)], 'thoughts_token_count': 2103, 'tool_use_prompt_token_count': None, 'tool_use_prompt_tokens_details': None, 'total_token_count': 2920, 'traffic_type': None}","Brian works two part-time jobs, Job X and Job Y. He earns $15 per hour working at Job X. In one week, Brian earned a total of $450 from both jobs. The graph represents all possible combinations of the number of hours Brian could have worked at Job X (horizontal axis) and Job Y (vertical axis) to earn a total of $450. Points (30, 0) and (0, 18) are on the line shown. Based on the graph and the given information, what is the hourly rate Brian earns working at Job Y?

{'A': '20', 'B': '22.50', 'C': '25', 'D': '30'}","**1. Define Variables and Equation:**Let *h_X* be the number of hours worked at Job X and *h_Y* be the number of hours worked at Job Y.Let *r_X* be the hourly rate for Job X and *r_Y* be the hourly rate for Job Y.The total earnings, *T*, is given by the equation: *r_X* *h_X* + *r_Y* *h_Y* = *T*.**2. Use Given Information:**We are given that Brian earns $15 per hour at Job X, so *r_X* = 15.We are given that the total earnings are $450, so *T* = 450.Substitute these values into the equation: 15 *h_X* + *r_Y* *h_Y* = 450.**3. Interpret the Graph:**The graph represents all pairs (*h_X*, *h_Y*) that satisfy the equation 15 *h_X* + *r_Y* *h_Y* = 450.The y-intercept of the graph is the point where *h_X* = 0 (no hours worked at Job X). From the graph, the y-intercept is at *h_Y* = 18. This means the point (0, 18) is on the line.**4. Use the Y-intercept to Find *r_Y*:**Substitute the coordinates of the y-intercept (0, 18) into the equation:15 *(0)* + *r_Y* *(18)* = 4500 + 18*r_Y* = 45018*r_Y* = 450**5. Solve for *r_Y*:**Divide both sides by 18:*r_Y* = 450 / 18*r_Y* = 25**6. Conclusion:**The hourly rate Brian earns working at Job Y is $25. This corresponds to option C.","{'cache_tokens_details': None, 'cached_content_token_count': None, 'candidates_token_count': 626, 'candidates_tokens_details': None, 'prompt_token_count': 921, 'prompt_tokens_details': [ModalityTokenCount(modality=<MediaModality.TEXT: 'TEXT'>, token_count=921)], 'thoughts_token_count': 1749, 'tool_use_prompt_token_count': None, 'tool_use_prompt_tokens_details': None, 'total_token_count': 3296, 'traffic_type': None}"
2,3,"An object hangs from a spring. l = 30 + 2*w. The formula relates the length (L), in centimeters, of the spring to the weight (W), in newtons, of the object. Which of the following describes the meaning of the 2 in this context?","{'A': 'The length, in centimeters, of the spring with no weight attached', 'B': 'The weight, in newtons, of an object that will stretch the spring 30 centimeters', 'C': 'The increase in the weight, in newtons, of the object for each one-centimeter increase in the length of the spring', 'D': 'The increase in the length, in centimeters, of the spring for each one-newton increase in the weight of the object'}",Algebra,Linear functions,D,"Okay, let's break down this problem step by step.

1.  **Understand the Formula:** The formula given is L = 30 + 2*W.
    *   L represents the length of the spring in centimeters (cm).
    *   W represents the weight of the object in newtons (N).
    *   The formula describes a linear relationship between the weight attached and the length of the spring.

2.  **Identify the Structure:** This formula is in the form of a linear equation, y = mx + b, where:
    *   y is the dependent variable (L, length).
    *   x is the independent variable (W, weight).
    *   m is the slope (the coefficient of W, which is 2).
    *   b is the y-intercept (the constant term, which is 30).

3.  **Interpret the Components:**
    *   **The y-intercept (b = 30):** This is the value of y (L) when x (W) is 0. So, when the weight (W) is 0 newtons (no weight attached), the length (L) is 30 cm. This is the initial or unstretched length of the spring.
    *   **The slope (m = 2):** The slope represents the rate of change of the dependent variable (L) with respect to the independent variable (W). It tells us how much y changes for a one-unit increase in x. In this context, it means how much the length (L) changes for a one-newton increase in weight (W). Since the slope is 2, it means that for every 1-newton increase in weight, the length of the spring increases by 2 centimeters.

4.  **Evaluate the Options based on the Interpretation of '2':**
    *   **A: 'The length, in centimeters, of the spring with no weight attached'**: This describes the y-intercept (30), not the slope (2).
    *   **B: 'The weight, in newtons, of an object that will stretch the spring 30 centimeters'**: Stretching the spring 30 cm means the *change* in length (ΔL) is 30 cm. Since the slope is ΔL/ΔW = 2, we have 30/ΔW = 2, which means ΔW = 30/2 = 15 N. So, 15 N is the weight needed to stretch it 30 cm. This option describes a specific weight value (15 N), not the meaning of '2'.
    *   **C: 'The increase in the weight, in newtons, of the object for each one-centimeter increase in the length of the spring'**: This describes the change in weight per unit change in length (ΔW/ΔL). Since the slope m = ΔL/ΔW = 2, then ΔW/ΔL = 1/m = 1/2. This option describes the value 1/2, not 2.
    *   **D: 'The increase in the length, in centimeters, of the spring for each one-newton increase in the weight of the object'**: This describes the change in length per unit change in weight (ΔL/ΔW). This is exactly the definition of the slope (m) in this context, and the slope is 2. This option correctly describes the meaning of '2'.

5.  **Conclusion:** The number 2 in the formula L = 30 + 2W represents the slope, which indicates how much the length (L) increases for each one-unit increase in weight (W).

answer {D}","{'cache_tokens_details': None, 'cached_content_token_count': None, 'candidates_token_count': 807, 'candidates_tokens_details': None, 'prompt_token_count': 214, 'prompt_tokens_details': [ModalityTokenCount(modality=<MediaModality.TEXT: 'TEXT'>, token_count=214)], 'thoughts_token_count': 1238, 'tool_use_prompt_token_count': None, 'tool_use_prompt_tokens_details': None, 'total_token_count': 2259, 'traffic_type': None}","A science experiment tracks the temperature of a liquid substance as it is heated. The temperature, T, in degrees Celsius, after M minutes of heating is given by the equation T = 25 + 3M. Which of the following describes the meaning of the number 25 in this equation?

given options
{'A': 'The increase in temperature, in degrees Celsius, for each minute of heating', 'B': 'The total increase in temperature, in degrees Celsius, after 25 minutes of heating', 'C': 'The temperature, in degrees Celsius, of the substance when the heating began', 'D': 'The time, in minutes, required for the temperature to increase by 25 degrees Celsius'}","Okay, let's analyze the given equation and the meaning of its components.

1.  **Understand the Formula:** The equation is T = 25 + 3M.
    *   T represents the temperature in degrees Celsius.
    *   M represents the number of minutes of heating.
    *   This is a linear equation relating temperature (T) to time (M).

2.  **Identify the Structure:** The equation is in the form of a linear equation, y = mx + b, where:
    *   y is the dependent variable (T, temperature).
    *   x is the independent variable (M, minutes).
    *   m is the slope (the coefficient of M, which is 3).
    *   b is the y-intercept (the constant term, which is 25).

3.  **Interpret the Components:**
    *   The **slope (m = 3)** represents the rate of change of the dependent variable (T) with respect to the independent variable (M). It tells us how much T changes for a one-unit increase in M. In this context, it means that for every 1-minute increase in heating time, the temperature increases by 3 degrees Celsius.
    *   The **y-intercept (b = 25)** represents the value of the dependent variable (T) when the independent variable (M) is zero (M=0). M=0 means the time when the heating *began*.

4.  **Determine the Meaning of 25:** The number 25 is the constant term (the y-intercept). It is the value of T when M = 0. T = 25 + 3(0) = 25. Therefore, 25 represents the temperature of the substance at the moment heating starts (when 0 minutes have elapsed).

5.  **Evaluate the Options:**
    *   **A) The increase in temperature, in degrees Celsius, for each minute of heating.** This describes the slope, which is 3, not 25.
    *   **B) The total increase in temperature, in degrees Celsius, after 25 minutes of heating.** After 25 minutes, the total increase would be 3 * 25 = 75 degrees. This is not the meaning of the number 25 itself.
    *   **C) The temperature, in degrees Celsius, of the substance when the heating began.** This describes the temperature at M=0 minutes, which is the y-intercept (25). This matches our interpretation.
    *   **D) The time, in minutes, required for the temperature to increase by 25 degrees Celsius.** An increase of 25 degrees means ΔT = 25. Since ΔT/ΔM = 3, then 25/ΔM = 3, so ΔM = 25/3 minutes. This is a time value, not the meaning of the number 25.

6.  **Conclusion:** The number 25 represents the initial temperature of the substance.

answer {C}","{'cache_tokens_details': None, 'cached_content_token_count': None, 'candidates_token_count': 849, 'candidates_tokens_details': None, 'prompt_token_count': 1125, 'prompt_tokens_details': [ModalityTokenCount(modality=<MediaModality.TEXT: 'TEXT'>, token_count=1125)], 'thoughts_token_count': 1278, 'tool_use_prompt_token_count': None, 'tool_use_prompt_tokens_details': None, 'total_token_count': 3252, 'traffic_type': None}"
3,4,Store A sells raspberries for $5.50 per pint and blackberries for $3.00 per pint. Store B sells raspberries for $6.50 per pint and blackberries for $8.00 per pint. A certain purchase of raspberries and blackberries would cost $37.00 at Store A or $66.00 at Store B. How many pints of blackberries are in this purchase?,"{'A': '4', 'B': '5', 'C': '8', 'D': '12'}",Algebra,Systems of two linear equations in two variables,B,"**1. Define Variables:**
Let `r` be the number of pints of raspberries purchased.
Let `b` be the number of pints of blackberries purchased.

**2. Set up Equations based on Store Costs:**

*   **Store A:** The cost is $5.50 per pint of raspberries and $3.00 per pint of blackberries. The total cost is $37.00.
    Equation 1: `5.50r + 3.00b = 37.00`

*   **Store B:** The cost is $6.50 per pint of raspberries and $8.00 per pint of blackberries. The total cost is $66.00.
    Equation 2: `6.50r + 8.00b = 66.00`

**3. Simplify the Equations (Optional, but helpful):**
Multiply both equations by 10 to remove the decimals:
Equation 1a: `55r + 30b = 370`
Equation 2a: `65r + 80b = 660`

**4. Solve the System of Equations:**
We can use the elimination method. Let's eliminate `r`. To do this, we need to find a common multiple for the coefficients of `r` (55 and 65).
The least common multiple of 55 (5 * 11) and 65 (5 * 13) is 5 * 11 * 13 = 715.

*   Multiply Equation 1a by 13 (since 715 / 55 = 13):
    `13 * (55r + 30b) = 13 * 370`
    `715r + 390b = 4810` (Equation 3)

*   Multiply Equation 2a by 11 (since 715 / 65 = 11):
    `11 * (65r + 80b) = 11 * 660`
    `715r + 880b = 7260` (Equation 4)

*   Subtract Equation 3 from Equation 4 to eliminate `r`:
    `(715r + 880b) - (715r + 390b) = 7260 - 4810`
    `715r - 715r + 880b - 390b = 2450`
    `490b = 2450`

*   Solve for `b`:
    `b = 2450 / 490`
    `b = 245 / 49`
    `b = 5`

**5. Check the Solution (Optional):**
We found `b = 5`. Let's find `r` using Equation 1a:
`55r + 30(5) = 370`
`55r + 150 = 370`
`55r = 370 - 150`
`55r = 220`
`r = 220 / 55`
`r = 4`

Now check if `r=4` and `b=5` satisfy the costs:
*   Store A: `5.50(4) + 3.00(5) = 22.00 + 15.00 = 37.00` (Correct)
*   Store B: `6.50(4) + 8.00(5) = 26.00 + 40.00 = 66.00` (Correct)

**6. Final Answer:**
The question asks for the number of pints of blackberries, which is `b`. We found `b = 5`.

Comparing this to the options:
A: 4
B: 5
C: 8
D: 12

The calculated value matches option B.

answer {B}","{'cache_tokens_details': None, 'cached_content_token_count': None, 'candidates_token_count': 952, 'candidates_tokens_details': None, 'prompt_token_count': 160, 'prompt_tokens_details': [ModalityTokenCount(modality=<MediaModality.TEXT: 'TEXT'>, token_count=160)], 'thoughts_token_count': 1877, 'tool_use_prompt_token_count': None, 'tool_use_prompt_tokens_details': None, 'total_token_count': 2989, 'traffic_type': None}","Store P sells notebooks for $4.50 each and pens for $2.50 each. Store Q sells notebooks for $5.00 each and pens for $3.50 each. A certain purchase of notebooks and pens would cost $52.00 at Store P or $65.00 at Store Q. How many notebooks are in this purchase?

given options
{'A': '6', 'B': '8', 'C': '10', 'D': '12'}

answers **1. Define Variables:**
Let `n` be the number of notebooks purchased.
Let `p` be the number of pens purchased.

**2. Set up Equations based on Store Costs:**

*   **Store P:** The cost is $4.50 per notebook and $2.50 per pen. The total cost is $52.00.
    Equation 1: `4.50n + 2.50p = 52.00`

*   **Store Q:** The cost is $5.00 per notebook and $3.50 per pen. The total cost is $65.00.
    Equation 2: `5.00n + 3.50p = 65.00`

**3. Simplify the Equations:**
Multiply both equations by 10 to remove the decimals:
Equation 1a: `45n + 25p = 520`
Equation 2a: `50n + 35p = 650`

Divide Equation 1a by 5: `9n + 5p = 104` (Equation 3)
Divide Equation 2a by 5: `10n + 7p = 130` (Equation 4)

**4. Solve the System of Equations:**
We can use the elimination method. Let's eliminate `p`. To do this, we need a common multiple for the coefficients of `p` (5 and 7). The least common multiple is 35.

*   Multiply Equation 3 by 7:
    `7 * (9n + 5p) = 7 * 104`
    `63n + 35p = 728` (Equation 5)

*   Multiply Equation 4 by 5:
    `5 * (10n + 7p) = 5 * 130`
    `50n + 35p = 650` (Equation 6)

*   Subtract Equation 6 from Equation 5 to eliminate `p`:
    `(63n + 35p) - (50n + 35p) = 728 - 650`
    `63n - 50n + 35p - 35p = 78`
    `13n = 78`

*   Solve for `n`:
    `n = 78 / 13`
    `n = 6`

**5. Check the Solution (Optional):**
We found `n = 6`. Let's find `p` using Equation 3:
`9(6) + 5p = 104`
`54 + 5p = 104`
`5p = 104 - 54`
`5p = 50`
`p = 50 / 5`
`p = 10`

Now check if `n=6` and `p=10` satisfy the costs:
*   Store P: `4.50(6) + 2.50(10) = 27.00 + 25.00 = 52.00` (Correct)
*   Store Q: `5.00(6) + 3.50(10) = 30.00 + 35.00 = 65.00` (Correct)

**6. Final Answer:**
The question asks for the number of notebooks, which is `n`. We found `n = 6`.

Comparing this to the options:
A: 6
B: 8
C: 10
D: 12

The calculated value matches option A.

answer {A}",A,"{'cache_tokens_details': None, 'cached_content_token_count': None, 'candidates_token_count': 1059, 'candidates_tokens_details': None, 'prompt_token_count': 1216, 'prompt_tokens_details': [ModalityTokenCount(modality=<MediaModality.TEXT: 'TEXT'>, token_count=1216)], 'thoughts_token_count': 2530, 'tool_use_prompt_token_count': None, 'tool_use_prompt_tokens_details': None, 'total_token_count': 4805, 'traffic_type': None}"
4,5,"Ken is working this summer as part of a crew on a farm. He earned $8 per hour for the first 10 hours he worked this week. Because of his performance, his crew leader raised his salary to $10 per hour for the rest of the week. Ken saves 90% of his earnings from each week. What is the least number of hours he must work the rest of the week to save at least $270 for the week?","{'A': '38', 'B': '33', 'C': '22', 'D': '16'}",Algebra,Linear inequalities in one or two variables,'C',"Okay, let's break this problem down step by step.

1.  **Calculate Ken's earnings for the first 10 hours:**
    *   Hourly rate = $8
    *   Hours worked = 10
    *   Earnings = Rate × Hours = $8/hour × 10 hours = $80

2.  **Define the variable for the remaining hours:**
    *   Let 'h' be the number of hours Ken works for the rest of the week at the new rate.

3.  **Calculate Ken's earnings for the rest of the week:**
    *   New hourly rate = $10
    *   Hours worked = h
    *   Earnings = Rate × Hours = $10/hour × h hours = $10h

4.  **Calculate Ken's total earnings for the week:**
    *   Total Earnings = Earnings from first 10 hours + Earnings from the rest of the week
    *   Total Earnings = $80 + $10h

5.  **Calculate the total amount Ken saves:**
    *   Savings percentage = 90% = 0.90
    *   Total Savings = Total Earnings × Savings percentage
    *   Total Savings = ($80 + $10h) × 0.90

6.  **Set up the inequality based on the savings goal:**
    *   Ken wants to save *at least* $270. This means the total savings must be greater than or equal to $270.
    *   Total Savings ≥ $270
    *   ($80 + $10h) × 0.90 ≥ 270

7.  **Solve the inequality for h:**
    *   Divide both sides by 0.90:
        *   $80 + 10h ≥ 270 / 0.90$
        *   $80 + 10h ≥ 300$
    *   Subtract 80 from both sides:
        *   $10h ≥ 300 - 80$
        *   $10h ≥ 220$
    *   Divide both sides by 10:
        *   $h ≥ 220 / 10$
        *   $h ≥ 22$

8.  **Determine the least number of hours:**
    *   The inequality h ≥ 22 means Ken must work 22 hours or more at the new rate.
    *   The *least* number of hours he must work is 22.

9.  **Check the options:**
    *   The calculated least number of hours is 22, which corresponds to option C.

answer {'C'}","{'cache_tokens_details': None, 'cached_content_token_count': None, 'candidates_token_count': 612, 'candidates_tokens_details': None, 'prompt_token_count': 174, 'prompt_tokens_details': [ModalityTokenCount(modality=<MediaModality.TEXT: 'TEXT'>, token_count=174)], 'thoughts_token_count': 1198, 'tool_use_prompt_token_count': None, 'tool_use_prompt_tokens_details': None, 'total_token_count': 1984, 'traffic_type': None}","Maria is working a summer job at a bookstore. She earns $12 per hour for the first 15 hours she works each week. Due to her excellent performance, her manager increases her wage to $15 per hour for any additional hours worked that week. Maria saves 80% of her total earnings each week. What is the minimum number of additional hours she must work in a week to save at least $480?

given options
{'A': '25', 'B': '28', 'C': '30', 'D': '35'}","Okay, let's solve this problem step by step.

1.  **Calculate Maria's earnings for the first 15 hours:**
    *   Hourly rate = $12
    *   Hours worked = 15
    *   Earnings = Rate × Hours = $12/hour × 15 hours = $180

2.  **Define the variable for the additional hours:**
    *   Let 'x' be the number of additional hours Maria works for the rest of the week at the new rate.

3.  **Calculate Maria's earnings for the additional hours:**
    *   New hourly rate = $15
    *   Hours worked = x
    *   Earnings = Rate × Hours = $15/hour × x hours = $15x

4.  **Calculate Maria's total earnings for the week:**
    *   Total Earnings = Earnings from first 15 hours + Earnings from the additional hours
    *   Total Earnings = $180 + $15x

5.  **Calculate the total amount Maria saves:**
    *   Savings percentage = 80% = 0.80
    *   Total Savings = Total Earnings × Savings percentage
    *   Total Savings = ($180 + $15x) × 0.80

6.  **Set up the inequality based on the savings goal:**
    *   Maria wants to save *at least* $480. This means the total savings must be greater than or equal to $480.
    *   Total Savings ≥ $480
    *   ($180 + $15x) × 0.80 ≥ 480

7.  **Solve the inequality for x:**
    *   Divide both sides by 0.80:
        *   $180 + 15x ≥ 480 / 0.80$
        *   $180 + 15x ≥ 600$
    *   Subtract 180 from both sides:
        *   $15x ≥ 600 - 180$
        *   $15x ≥ 420$
    *   Divide both sides by 15:
        *   $x ≥ 420 / 15$
        *   $x ≥ 28$

8.  **Determine the minimum number of additional hours:**
    *   The inequality x ≥ 28 means Maria must work 28 additional hours or more at the new rate.
    *   The *minimum* number of additional hours she must work is 28.

9.  **Check the options:**
    *   The calculated minimum number of hours is 28, which corresponds to option B.

The final answer is $oxed{28}$.","{'cache_tokens_details': None, 'cached_content_token_count': None, 'candidates_token_count': 810, 'candidates_tokens_details': None, 'prompt_token_count': 890, 'prompt_tokens_details': [ModalityTokenCount(modality=<MediaModality.TEXT: 'TEXT'>, token_count=890)], 'thoughts_token_count': 903, 'tool_use_prompt_token_count': None, 'tool_use_prompt_tokens_details': None, 'total_token_count': 2603, 'traffic_type': None}"
5,6,"In the expression below, (b) and (c) are positive integers. If the expression is equivalent to (x + b) and (x \neq b), which of the following could be the value of (c)?\n\n(x^2 - c)/(x - b)","{'A': '4', 'B': '6', 'C': '8', 'D': '10'}",Advanced Math,Equivalent expressions,'A',"Okay, let's break this down step by step.

**1. Understand the Given Information:**
We are given the expression (x² - c) / (x - b).
We are told this expression is equivalent to (x + b).
We know that b and c are positive integers.
We are also given the condition x ≠ b (this prevents the denominator from being zero).

**2. Set up the Equation:**
Since the two expressions are equivalent, we can set them equal to each other:
(x² - c) / (x - b) = x + b

**3. Solve for c in terms of b:**
To eliminate the fraction, multiply both sides of the equation by (x - b). Since x ≠ b, we know (x - b) is not zero, so this is a valid operation.
x² - c = (x + b)(x - b)

**4. Recognize the Difference of Squares:**
The right side of the equation, (x + b)(x - b), is a standard algebraic identity known as the difference of two squares:
(x + b)(x - b) = x² - b²

**5. Substitute and Simplify:**
Substitute this back into our equation:
x² - c = x² - b²

Subtract x² from both sides:
-c = -b²

Multiply both sides by -1:
c = b²

**6. Interpret the Result:**
This result tells us that the positive integer 'c' must be the square of the positive integer 'b'. In other words, 'c' must be a perfect square.

**7. Check the Options:**
We need to find which of the given options for 'c' is a perfect square of a positive integer.
A: 4 = 2² (Here, b would be 2, which is a positive integer)
B: 6 is not a perfect square.
C: 8 is not a perfect square.
D: 10 is not a perfect square.

**8. Conclusion:**
The only option that satisfies the condition c = b² (where b is a positive integer) is c = 4. If c = 4, then b = 2. Let's quickly verify: (x² - 4)/(x - 2) = (x-2)(x+2)/(x-2) = x+2. This matches x+b when b=2.

answer {'A'}","{'cache_tokens_details': None, 'cached_content_token_count': None, 'candidates_token_count': 534, 'candidates_tokens_details': None, 'prompt_token_count': 136, 'prompt_tokens_details': [ModalityTokenCount(modality=<MediaModality.TEXT: 'TEXT'>, token_count=136)], 'thoughts_token_count': 844, 'tool_use_prompt_token_count': None, 'tool_use_prompt_tokens_details': None, 'total_token_count': 1514, 'traffic_type': None}","In the expression below, $k$ and $m$ are positive integers. If the expression is equivalent to $x^2 + m$ (and $x^2 \neq m$), which of the following could be the value of $k$?

$\frac{x^4 - k}{x^2 - m}$

given options
{'A': '9', 'B': '12', 'C': '15', 'D': '18'}","Okay, let's break this down step by step.

**1. Understand the Given Information:**
We are given the expression $\frac{x^4 - k}{x^2 - m}$.
We are told this expression is equivalent to $x^2 + m$.
We know that $k$ and $m$ are positive integers.
We are also given the condition $x^2 \neq m$ (this prevents the denominator from being zero).

**2. Set up the Equation:**
Since the two expressions are equivalent, we can set them equal to each other:
$\frac{x^4 - k}{x^2 - m} = x^2 + m$

**3. Solve for k in terms of m:**
To eliminate the fraction, multiply both sides of the equation by $(x^2 - m)$. Since $x^2 \neq m$, we know $(x^2 - m)$ is not zero, so this is a valid operation.
$x^4 - k = (x^2 + m)(x^2 - m)$

**4. Recognize the Difference of Squares:**
The right side of the equation, $(x^2 + m)(x^2 - m)$, is a standard algebraic identity known as the difference of two squares: $(a+b)(a-b) = a^2 - b^2$.
Applying this identity with $a=x^2$ and $b=m$, we get:
$(x^2 + m)(x^2 - m) = (x^2)^2 - m^2 = x^4 - m^2$

**5. Substitute and Simplify:**
Substitute this back into our equation:
$x^4 - k = x^4 - m^2$

Subtract $x^4$ from both sides:
$-k = -m^2$

Multiply both sides by -1:
$k = m^2$

**6. Interpret the Result:**
This result tells us that the positive integer 'k' must be the square of the positive integer 'm'. In other words, 'k' must be a perfect square.

**7. Check the Options:**
We need to find which of the given options for 'k' is a perfect square of a positive integer.
A: $9 = 3^2$ (Here, $m$ could be 3, which is a positive integer)
B: 12 is not a perfect square of an integer.
C: 15 is not a perfect square of an integer.
D: 18 is not a perfect square of an integer.

**8. Conclusion:**
The only option that satisfies the condition $k = m^2$ (where $m$ is a positive integer) is $k = 9$. If $k=9$, then $m=3$. Let's quickly verify: $\frac{x^4 - 9}{x^2 - 3} = \frac{(x^2 - 3)(x^2 + 3)}{x^2 - 3} = x^2 + 3$. This matches $x^2 + m$ when $m=3$.

answer {'A'}","{'cache_tokens_details': None, 'cached_content_token_count': None, 'candidates_token_count': 837, 'candidates_tokens_details': None, 'prompt_token_count': 774, 'prompt_tokens_details': [ModalityTokenCount(modality=<MediaModality.TEXT: 'TEXT'>, token_count=774)], 'thoughts_token_count': 3826, 'tool_use_prompt_token_count': None, 'tool_use_prompt_tokens_details': None, 'total_token_count': 5437, 'traffic_type': None}"
6,7,"Given the system of equations:\n[y = x^2 + 2x + 1] and [x + y + 1 = 0]. If (x₁, y₁) and (x₂, y₂) are the two solutions to the system, what is the value of y₁ + y₂?","{'A': '-3', 'B': '-2', 'C': '-1', 'D': '1'}",Algebra,Nonlinear equations in one variable and systems of equations in two variables,,"Okay, let's solve this system of equations step-by-step.

**1. Understand the Problem:**
We are given a system of two equations: one representing a parabola and the other representing a line. We need to find the points of intersection, (x₁, y₁) and (x₂, y₂), and then calculate the sum of their y-coordinates (y₁ + y₂).

**2. The System of Equations:**
Equation 1: y = x² + 2x + 1
Equation 2: x + y + 1 = 0

**3. Method of Solution:**
We can use the substitution method. Since Equation 1 gives an expression for *y*, we can substitute this expression into Equation 2.

**4. Substitution:**
Substitute y = x² + 2x + 1 into Equation 2:
x + (x² + 2x + 1) + 1 = 0

**5. Simplify the Resulting Equation:**
Combine like terms:
x² + (x + 2x) + (1 + 1) = 0
x² + 3x + 2 = 0

**6. Solve the Quadratic Equation for x:**
This is a quadratic equation in *x*. The solutions x₁ and x₂ represent the x-coordinates of the intersection points. We can solve this by factoring:
We need two numbers that multiply to 2 and add to 3. These numbers are 1 and 2.
(x + 1)(x + 2) = 0
This gives us two possible values for *x*:
x + 1 = 0  =>  x₁ = -1
x + 2 = 0  =>  x₂ = -2

**7. Find the Corresponding y-coordinates:**
Now we use one of the original equations to find the y-values corresponding to x₁ and x₂. Using Equation 2 (rewritten as y = -x - 1) is simpler:

*   For x₁ = -1:
    y₁ = -x₁ - 1
    y₁ = -(-1) - 1
    y₁ = 1 - 1
    y₁ = 0
    So, one solution is (x₁, y₁) = (-1, 0).

*   For x₂ = -2:
    y₂ = -x₂ - 1
    y₂ = -(-2) - 1
    y₂ = 2 - 1
    y₂ = 1
    So, the other solution is (x₂, y₂) = (-2, 1).

**8. Calculate y₁ + y₂:**
We need to find the sum of the y-coordinates:
y₁ + y₂ = 0 + 1
y₁ + y₂ = 1

**Alternative Method (Using Vieta's Formulas):**
After obtaining the quadratic equation x² + 3x + 2 = 0, we know its roots are x₁ and x₂. From Vieta's formulas, the sum of the roots is x₁ + x₂ = -b/a = -3/1 = -3.

From the linear equation (Equation 2), we know:
x₁ + y₁ + 1 = 0  =>  y₁ = -x₁ - 1
x₂ + y₂ + 1 = 0  =>  y₂ = -x₂ - 1

Summing these two equations for y₁ and y₂:
y₁ + y₂ = (-x₁ - 1) + (-x₂ - 1)
y₁ + y₂ = -(x₁ + x₂) - 2

Substitute the value of x₁ + x₂:
y₁ + y₂ = -(-3) - 2
y₁ + y₂ = 3 - 2
y₁ + y₂ = 1

**9. Conclusion:**
Both methods yield the same result. The sum of the y-coordinates of the solutions is 1.

**10. Check the Options:**
The given options are {'A': '-3', 'B': '-2', 'C': '-1', 'D': '1'}.
Our calculated value is 1, which corresponds to option D.

answer: The final answer is $\boxed{1}$","{'cache_tokens_details': None, 'cached_content_token_count': None, 'candidates_token_count': 943, 'candidates_tokens_details': None, 'prompt_token_count': 138, 'prompt_tokens_details': [ModalityTokenCount(modality=<MediaModality.TEXT: 'TEXT'>, token_count=138)], 'thoughts_token_count': 1389, 'tool_use_prompt_token_count': None, 'tool_use_prompt_tokens_details': None, 'total_token_count': 2470, 'traffic_type': None}","Given the system of equations:
[y = x² - 2]
[y = 4x - 5]
If (x₁, y₁) and (x₂, y₂) are the two solutions to the system, what is the value of y₁ + y₂?","Okay, let's solve this system of equations step-by-step.

**1. Understand the Problem:**
We are given a system of two equations: one representing a parabola and the other representing a line. We need to find the points of intersection, (x₁, y₁) and (x₂, y₂), and then calculate the sum of their y-coordinates (y₁ + y₂).

**2. The System of Equations:**
Equation 1: y = x² - 2
Equation 2: y = 4x - 5

**3. Method of Solution:**
We can use the substitution method because both equations are already solved for *y*.

**4. Substitution:**
Substitute the expression for *y* from Equation 2 into Equation 1 (or vice versa):
4x - 5 = x² - 2

**5. Simplify the Resulting Equation:**
Rearrange the equation to set it equal to zero and form a quadratic equation:
x² - 4x + 5 - 2 = 0
x² - 4x + 3 = 0

**6. Solve the Quadratic Equation for x:**
This is a quadratic equation in *x*. The solutions x₁ and x₂ represent the x-coordinates of the intersection points. We can solve this by factoring:
We need two numbers that multiply to 3 and add to -4. These numbers are -1 and -3.
(x - 1)(x - 3) = 0
This gives us two possible values for *x*:
x - 1 = 0  =>  x₁ = 1
x - 3 = 0  =>  x₂ = 3

**7. Find the Corresponding y-coordinates:**
Now we use one of the original equations to find the y-values corresponding to x₁ and x₂. Using Equation 2 (y = 4x - 5) is simpler:

*   For x₁ = 1:
    y₁ = 4(1) - 5
    y₁ = 4 - 5
    y₁ = -1
    So, one solution is (x₁, y₁) = (1, -1).

*   For x₂ = 3:
    y₂ = 4(3) - 5
    y₂ = 12 - 5
    y₂ = 7
    So, the other solution is (x₂, y₂) = (3, 7).

**8. Calculate y₁ + y₂:**
We need to find the sum of the y-coordinates:
y₁ + y₂ = -1 + 7
y₁ + y₂ = 6

**Alternative Method (Using Vieta's Formulas):**
After obtaining the quadratic equation x² - 4x + 3 = 0, we know its roots are x₁ and x₂. From Vieta's formulas, the sum of the roots is x₁ + x₂ = -b/a = -(-4)/1 = 4.

From the linear equation (Equation 2), we know:
y₁ = 4x₁ - 5
y₂ = 4x₂ - 5

Summing these two equations for y₁ and y₂:
y₁ + y₂ = (4x₁ - 5) + (4x₂ - 5)
y₁ + y₂ = 4x₁ + 4x₂ - 10
y₁ + y₂ = 4(x₁ + x₂) - 10

Substitute the value of x₁ + x₂:
y₁ + y₂ = 4(4) - 10
y₁ + y₂ = 16 - 10
y₁ + y₂ = 6

**9. Conclusion:**
Both methods yield the same result. The sum of the y-coordinates of the solutions is 6.

The final answer is $oxed{6}$.","{'cache_tokens_details': None, 'cached_content_token_count': None, 'candidates_token_count': 983, 'candidates_tokens_details': None, 'prompt_token_count': 1185, 'prompt_tokens_details': [ModalityTokenCount(modality=<MediaModality.TEXT: 'TEXT'>, token_count=1185)], 'thoughts_token_count': 2129, 'tool_use_prompt_token_count': None, 'tool_use_prompt_tokens_details': None, 'total_token_count': 4297, 'traffic_type': None}"
7,8,"The following table shows values of x and their corresponding values of f(x):\n| x | f(x) |\n|---|------|\n| 1 | a    |\n| 2 | a^5  |\n| 3 | a^9  |\nGiven that f(k) = a^{29}, what is the value of k?","{'A': '7', 'B': '8', 'C': '9', 'D': '10'}",Algebra,Exponential function behavior and pattern recognition,'B',"*   **Step 1: Analyze the given data**
    We are given a table showing the relationship between x and f(x):
    *   When x = 1, f(x) = a = a^1
    *   When x = 2, f(x) = a^5
    *   When x = 3, f(x) = a^9

*   **Step 2: Identify the pattern in the exponents**
    Let's look at the exponents of 'a' corresponding to the values of x:
    *   For x = 1, the exponent is 1.
    *   For x = 2, the exponent is 5.
    *   For x = 3, the exponent is 9.
    The sequence of exponents is 1, 5, 9, ...

*   **Step 3: Determine the type of sequence**
    Calculate the difference between consecutive terms in the exponent sequence:
    *   5 - 1 = 4
    *   9 - 5 = 4
    Since the difference is constant (d = 4), the sequence of exponents is an arithmetic progression.

*   **Step 4: Find the formula for the exponent**
    The general formula for the nth term of an arithmetic progression is E_n = E_1 + (n-1)d, where E_1 is the first term and d is the common difference.
    In our case, 'n' corresponds to 'x', E_n is the exponent for a given x, E_1 = 1 (the exponent when x=1), and d = 4.
    So, the exponent E(x) for a given x is:
    E(x) = 1 + (x - 1) * 4
    E(x) = 1 + 4x - 4
    E(x) = 4x - 3
    This means that the function can be expressed as f(x) = a^(4x - 3).

*   **Step 5: Use the given information f(k) = a^29 to find k**
    We know f(k) = a^(4k - 3).
    We are given f(k) = a^29.
    Therefore, we can equate the expressions:
    a^(4k - 3) = a^29
    For the powers to be equal, the exponents must be equal (assuming a ≠ 0, 1, -1):
    4k - 3 = 29

*   **Step 6: Solve the equation for k**
    4k - 3 = 29
    Add 3 to both sides:
    4k = 29 + 3
    4k = 32
    Divide both sides by 4:
    k = 32 / 4
    k = 8

*   **Step 7: Compare with the options**
    The calculated value k = 8 corresponds to option B.

answer {'B'}","{'cache_tokens_details': None, 'cached_content_token_count': None, 'candidates_token_count': 678, 'candidates_tokens_details': None, 'prompt_token_count': 153, 'prompt_tokens_details': [ModalityTokenCount(modality=<MediaModality.TEXT: 'TEXT'>, token_count=153)], 'thoughts_token_count': 1004, 'tool_use_prompt_token_count': None, 'tool_use_prompt_tokens_details': None, 'total_token_count': 1835, 'traffic_type': None}","The following table shows values of x and their corresponding values of f(x):

| x | f(x) |
|---|------|
| 2 | a^7  |
| 4 | a^13 |
| 6 | a^19 |

Given that f(k) = a^37, what is the value of k?

(Assume a is a positive constant and a 
eq 1)

options:
{
  ""A"": ""11"",
  ""B"": ""12"",
  ""C"": ""13"",
  ""D"": ""14""
}","{
    ""B"": ""12""
}","{'cache_tokens_details': None, 'cached_content_token_count': None, 'candidates_token_count': 176, 'candidates_tokens_details': None, 'prompt_token_count': 935, 'prompt_tokens_details': [ModalityTokenCount(modality=<MediaModality.TEXT: 'TEXT'>, token_count=935)], 'thoughts_token_count': 1337, 'tool_use_prompt_token_count': None, 'tool_use_prompt_tokens_details': None, 'total_token_count': 2448, 'traffic_type': None}"
8,9,"Anita created a batch of green paint by mixing 2 ounces of blue paint with 3 ounces of yellow paint. She must mix a second batch using the same ratio of blue and yellow paint as the first batch. If she uses 5 ounces of blue paint for the second batch, how much yellow paint should Anita use?","{'A': 'Exactly 5 ounces', 'B': '3 ounces more than the amount of yellow paint used in the first batch', 'C': '1.5 times the amount of yellow paint used in the first batch', 'D': '1.5 times the amount of blue paint used in the second batch'}",Problem-Solving and Data Analysis,"Ratios, rates, proportional relationships, and units",'D',"**1. Understand the Ratio:**
Anita's first batch used 2 ounces of blue paint and 3 ounces of yellow paint. The ratio of blue paint to yellow paint is 2:3. This can also be written as a fraction: (Amount of Blue Paint) / (Amount of Yellow Paint) = 2 / 3.

**2. Apply the Ratio to the Second Batch:**
The second batch must use the same ratio. Let Y2 be the amount of yellow paint needed for the second batch. We know the amount of blue paint for the second batch is 5 ounces. So, the ratio for the second batch is:
(Amount of Blue Paint in Second Batch) / (Amount of Yellow Paint in Second Batch) = 2 / 3
5 / Y2 = 2 / 3

**3. Solve for the Amount of Yellow Paint (Y2):**
To solve for Y2, we can cross-multiply:
5 * 3 = 2 * Y2
15 = 2 * Y2
Y2 = 15 / 2
Y2 = 7.5 ounces

So, Anita should use 7.5 ounces of yellow paint for the second batch.

**4. Evaluate the Options:**
Now let's check which option corresponds to 7.5 ounces:

*   **A: 'Exactly 5 ounces'**: Incorrect. We calculated 7.5 ounces.
*   **B: '3 ounces more than the amount of yellow paint used in the first batch'**: The first batch used 3 ounces of yellow paint. 3 ounces more is 3 + 3 = 6 ounces. Incorrect.
*   **C: '1.5 times the amount of yellow paint used in the first batch'**: The first batch used 3 ounces of yellow paint. 1.5 times this is 1.5 * 3 = 4.5 ounces. Incorrect.
*   **D: '1.5 times the amount of blue paint used in the second batch'**: The second batch uses 5 ounces of blue paint. 1.5 times this is 1.5 * 5 = 7.5 ounces. Correct.

The calculated amount of yellow paint for the second batch is 7.5 ounces, which is equal to 1.5 times the amount of blue paint used in the second batch (5 ounces).

answer {'D'}","{'cache_tokens_details': None, 'cached_content_token_count': None, 'candidates_token_count': 516, 'candidates_tokens_details': None, 'prompt_token_count': 181, 'prompt_tokens_details': [ModalityTokenCount(modality=<MediaModality.TEXT: 'TEXT'>, token_count=181)], 'thoughts_token_count': 1019, 'tool_use_prompt_token_count': None, 'tool_use_prompt_tokens_details': None, 'total_token_count': 1716, 'traffic_type': None}","A metal alloy is created by mixing copper and zinc in a specific ratio. A small sample of the alloy contains 12 grams of copper and 8 grams of zinc. A company needs to produce a large batch of this alloy. If the large batch must contain a total of 150 grams of zinc and copper combined, how many grams of copper are needed for the large batch?

given options
{'A': '60 grams', 'B': '90 grams', 'C': '100 grams', 'D': '150 grams'}",B,"{'cache_tokens_details': None, 'cached_content_token_count': None, 'candidates_token_count': 138, 'candidates_tokens_details': None, 'prompt_token_count': 801, 'prompt_tokens_details': [ModalityTokenCount(modality=<MediaModality.TEXT: 'TEXT'>, token_count=801)], 'thoughts_token_count': 2078, 'tool_use_prompt_token_count': None, 'tool_use_prompt_tokens_details': None, 'total_token_count': 3017, 'traffic_type': None}"
9,10,"37% of the items in a box are green. Of those, 37% are also rectangular. Of the green rectangular items, 42% are also metal. Which of the following is closest to the percentage of the items in the box that are not rectangular green metal items?","{'A': '1.16%', 'B': '57.50%', 'C': '94.25%', 'D': '98.84%'}",Problem-Solving and Data Analysis,Percentages,'C',"Okay, let's break this down step by step.

1.  **Find the percentage of items that are green:**
    *   Given: 37% of the items are green.
    *   Percentage (Green) = 37% = 0.37

2.  **Find the percentage of items that are green AND rectangular:**
    *   We are told that 37% *of the green items* are also rectangular.
    *   So, we need to calculate 37% of the 37% that are green.
    *   Percentage (Green and Rectangular) = 37% of 37%
    *   Percentage (Green and Rectangular) = 0.37 * 0.37
    *   Percentage (Green and Rectangular) = 0.1369 = 13.69%

3.  **Find the percentage of items that are green, rectangular, AND metal:**
    *   We are told that 42% *of the green rectangular items* are also metal.
    *   So, we need to calculate 42% of the 13.69% that are green and rectangular.
    *   Percentage (Green, Rectangular, and Metal) = 42% of 13.69%
    *   Percentage (Green, Rectangular, and Metal) = 0.42 * 0.1369
    *   Percentage (Green, Rectangular, and Metal) = 0.057498 = 5.7498%

4.  **Find the percentage of items that are NOT rectangular green metal items:**
    *   This is the complement of the percentage we just calculated.
    *   Total percentage = 100%
    *   Percentage (Not Rectangular Green Metal) = 100% - Percentage (Green, Rectangular, and Metal)
    *   Percentage (Not Rectangular Green Metal) = 100% - 5.7498%
    *   Percentage (Not Rectangular Green Metal) = 94.2502%

5.  **Compare with the given options:**
    *   A: 1.16%
    *   B: 57.50%
    *   C: 94.25%
    *   D: 98.84%
    *   Our calculated value, 94.2502%, is closest to 94.25%.

answer {'C'}","{'cache_tokens_details': None, 'cached_content_token_count': None, 'candidates_token_count': 570, 'candidates_tokens_details': None, 'prompt_token_count': 151, 'prompt_tokens_details': [ModalityTokenCount(modality=<MediaModality.TEXT: 'TEXT'>, token_count=151)], 'thoughts_token_count': 1092, 'tool_use_prompt_token_count': None, 'tool_use_prompt_tokens_details': None, 'total_token_count': 1813, 'traffic_type': None}","In a large collection of objects, 40% are blue. Of the blue objects, 65% are square. Among the blue square objects, 30% are wooden. Which of the following is closest to the percentage of objects in the collection that are not blue square wooden objects?

A) 7.80%
B) 65.00%
C) 92.20%
D) 94.25%","Here is the step-by-step solution:

1.  **Find the percentage of objects that are blue:**
    *   Given: 40% of the objects are blue.
    *   Percentage (Blue) = 40% = 0.40

2.  **Find the percentage of objects that are blue AND square:**
    *   We are told that 65% *of the blue objects* are also square.
    *   So, we need to calculate 65% of the 40% that are blue.
    *   Percentage (Blue and Square) = 65% of 40%
    *   Percentage (Blue and Square) = 0.65 * 0.40
    *   Percentage (Blue and Square) = 0.26 = 26%

3.  **Find the percentage of objects that are blue, square, AND wooden:**
    *   We are told that 30% *of the blue square objects* are also wooden.
    *   So, we need to calculate 30% of the 26% that are blue and square.
    *   Percentage (Blue, Square, and Wooden) = 30% of 26%
    *   Percentage (Blue, Square, and Wooden) = 0.30 * 0.26
    *   Percentage (Blue, Square, and Wooden) = 0.078 = 7.8%

4.  **Find the percentage of objects that are NOT blue square wooden objects:**
    *   This is the complement of the percentage we just calculated.
    *   Total percentage = 100%
    *   Percentage (Not Blue Square Wooden) = 100% - Percentage (Blue, Square, and Wooden)
    *   Percentage (Not Blue Square Wooden) = 100% - 7.8%
    *   Percentage (Not Blue Square Wooden) = 92.2%

5.  **Compare with the given options:**
    *   Our calculated value, 92.2%, is closest to 92.20%.

The correct option is C.","{'cache_tokens_details': None, 'cached_content_token_count': None, 'candidates_token_count': 616, 'candidates_tokens_details': None, 'prompt_token_count': 825, 'prompt_tokens_details': [ModalityTokenCount(modality=<MediaModality.TEXT: 'TEXT'>, token_count=825)], 'thoughts_token_count': 2588, 'tool_use_prompt_token_count': None, 'tool_use_prompt_tokens_details': None, 'total_token_count': 4029, 'traffic_type': None}"
10,11,"The mean amount of time that the 20 employees of a construction company have worked for the company is 6.7 years. After one of the employees leaves the company, the mean amount of time that the remaining employees have worked for the company is reduced to 6.25 years. How many years did the employee who left the company work for the company?","{'A': '0.45', 'B': '2.30', 'C': '9.00', 'D': '15.25'}",Problem-Solving and Data Analysis,One-variable data: distributions and measures of center and spread,,"Okay, let's break this down step by step.

1.  **Understand the initial situation:**
    *   Number of employees = 20
    *   Mean years worked = 6.7 years
    *   The mean is calculated as (Total years worked by all employees) / (Number of employees).
    *   So, we can calculate the initial total years worked by all 20 employees:
        Total years (initial) = Mean (initial) * Number of employees (initial)
        Total years (initial) = 6.7 * 20 = 134 years

2.  **Understand the situation after one employee leaves:**
    *   Number of employees = 20 - 1 = 19
    *   Mean years worked = 6.25 years
    *   We can calculate the total years worked by the remaining 19 employees:
        Total years (remaining) = Mean (remaining) * Number of employees (remaining)
        Total years (remaining) = 6.25 * 19

3.  **Calculate the total years for the remaining employees:**
    *   6.25 * 19 = 118.75 years

4.  **Find the years worked by the employee who left:**
    *   The difference between the initial total years (for 20 employees) and the final total years (for 19 employees) must be the number of years worked by the employee who left.
    *   Years worked by the departed employee = Total years (initial) - Total years (remaining)
    *   Years worked by the departed employee = 134 - 118.75

5.  **Calculate the final difference:**
    *   134.00 - 118.75 = 15.25 years

6.  **Compare with the given options:**
    *   A: 0.45
    *   B: 2.30
    *   C: 9.00
    *   D: 15.25
    *   Our calculated value, 15.25 years, matches option D.

Therefore, the employee who left the company worked for 15.25 years.

answer D","{'cache_tokens_details': None, 'cached_content_token_count': None, 'candidates_token_count': 503, 'candidates_tokens_details': None, 'prompt_token_count': 162, 'prompt_tokens_details': [ModalityTokenCount(modality=<MediaModality.TEXT: 'TEXT'>, token_count=162)], 'thoughts_token_count': 1075, 'tool_use_prompt_token_count': None, 'tool_use_prompt_tokens_details': None, 'total_token_count': 1740, 'traffic_type': None}","A group of 25 students had a mean score of 80 on a test. After one more student joined the group and took the same test, the mean score for all 26 students was 81.5. What was the score of the student who joined the group?

$\(A)\ 39$
$\(B)\ 81.5$
$\(C)\ 117.5$
$\(D)\ 119$","Here is the step-by-step solution:

1.  **Calculate the initial total score:** The initial group had 25 students, and their mean score was 80. The total sum of scores for these 25 students is the mean multiplied by the number of students.
    Total score (initial) = Mean score (initial) * Number of students (initial)
    Total score (initial) = 80 * 25 = 2000

2.  **Calculate the final total score:** After one student joined, the group had 26 students, and their mean score was 81.5. The total sum of scores for these 26 students is the new mean multiplied by the new number of students.
    Total score (final) = Mean score (final) * Number of students (final)
    Total score (final) = 81.5 * 26

3.  **Perform the multiplication for the final total score:**
    81.5 * 26 = (80 + 1.5) * 26 = 80 * 26 + 1.5 * 26
    80 * 26 = 2080
    1.5 * 26 = 3 * 13 = 39
    Total score (final) = 2080 + 39 = 2119

4.  **Find the score of the student who joined:** The difference between the final total score (with 26 students) and the initial total score (with 25 students) is the score of the one student who was added.
    Score of new student = Total score (final) - Total score (initial)
    Score of new student = 2119 - 2000 = 119

5.  **Check the options:** The calculated score for the new student is 119, which matches option D.

The score of the student who joined the group was 119.

The final answer is $oxed{119}$.","{'cache_tokens_details': None, 'cached_content_token_count': None, 'candidates_token_count': 595, 'candidates_tokens_details': None, 'prompt_token_count': 769, 'prompt_tokens_details': [ModalityTokenCount(modality=<MediaModality.TEXT: 'TEXT'>, token_count=769)], 'thoughts_token_count': 1226, 'tool_use_prompt_token_count': None, 'tool_use_prompt_tokens_details': None, 'total_token_count': 2590, 'traffic_type': None}"
11,13,"One of these participants will be selected at random. What is the probability of selecting a participant from Group A, given that the participant is at least 10 years of age?\n\nAge Group | Group A | Group B | Group C | Total\n---|---|---|---|---\n0–9 years | 7 | 6 | 17 | 30\n10–19 years | 14 | 4 | 12 | 30\n20+ years | 9 | 20 | 1 | 30\nTotal | 30 | 30 | 30 | 90","{'A': '23/60', 'B': '14/30', 'C': '14/60', 'D': '23/90'}",Probability,Conditional probability,A,"Okay, let's break this down step-by-step.

1.  **Understand the Question:** We need to find the probability of selecting a participant from Group A *given that* we know the participant is at least 10 years old. This is a conditional probability problem.

2.  **Identify the Condition:** The condition is that the participant is ""at least 10 years of age"". This means the participant belongs to either the ""10–19 years"" age group or the ""20+ years"" age group.

3.  **Calculate the Total Number of Participants Meeting the Condition:**
    *   Number of participants in the 10–19 years age group = 30 (from the 'Total' column for that row)
    *   Number of participants in the 20+ years age group = 30 (from the 'Total' column for that row)
    *   Total number of participants at least 10 years old = 30 + 30 = 60.
    This total (60) represents our reduced sample space because we are *given* that the selected participant falls into this category.

4.  **Identify the Number of Participants Meeting Both Criteria:** We need the number of participants who are *both* from Group A *and* are at least 10 years old.
    *   Number of participants from Group A in the 10–19 years age group = 14
    *   Number of participants from Group A in the 20+ years age group = 9
    *   Total number of participants from Group A who are at least 10 years old = 14 + 9 = 23.

5.  **Calculate the Conditional Probability:** The probability of selecting a participant from Group A *given* they are at least 10 years old is the ratio of the number found in step 4 to the number found in step 3.
    *   P(Group A | at least 10 years old) = (Number in Group A AND at least 10 years old) / (Total number at least 10 years old)
    *   P(Group A | at least 10 years old) = 23 / 60

6.  **Compare with Options:** The calculated probability is 23/60, which matches option A.

answer {A}","{'cache_tokens_details': None, 'cached_content_token_count': None, 'candidates_token_count': 519, 'candidates_tokens_details': None, 'prompt_token_count': 231, 'prompt_tokens_details': [ModalityTokenCount(modality=<MediaModality.TEXT: 'TEXT'>, token_count=231)], 'thoughts_token_count': 1067, 'tool_use_prompt_token_count': None, 'tool_use_prompt_tokens_details': None, 'total_token_count': 1817, 'traffic_type': None}","A survey asked students about their preferred subject. The results are summarized in the table below.

Preferred Subject | 9th Grade | 10th Grade | 11th Grade | 12th Grade | Total
---|---|---|---|---|---
Math | 40 | 35 | 30 | 25 | 130
Science | 30 | 45 | 50 | 40 | 165
English | 25 | 20 | 15 | 10 | 70
History | 15 | 20 | 25 | 35 | 95
Total | 110 | 120 | 120 | 110 | 460

If one student from the survey is selected at random, what is the probability of selecting a student who prefers Science, given that the student is in 10th grade or higher?","Okay, let's break this down step-by-step.

1.  **Understand the Question:** We need to find the probability of selecting a student who prefers Science, *given that* we know the student is in 10th grade or higher. This is a conditional probability problem.

2.  **Identify the Condition:** The condition is that the student is ""in 10th grade or higher"". This means the student belongs to either the 10th Grade, 11th Grade, or 12th Grade row.

3.  **Calculate the Total Number of Students Meeting the Condition:** Add the total number of students in the 10th, 11th, and 12th grades.
    *   Number of students in 10th Grade = 120 (from the 'Total' row for that column)
    *   Number of students in 11th Grade = 120 (from the 'Total' row for that column)
    *   Number of students in 12th Grade = 110 (from the 'Total' row for that column)
    *   Total number of students in 10th grade or higher = 120 + 120 + 110 = 350.
    This total (350) represents our reduced sample space because we are *given* that the selected student falls into this category.

4.  **Identify the Number of Students Meeting Both Criteria:** We need the number of students who *both* prefer Science *and* are in 10th grade or higher. Look at the cells where the 'Science' row intersects with the '10th Grade', '11th Grade', and '12th Grade' columns.
    *   Number of students who prefer Science in 10th Grade = 45
    *   Number of students who prefer Science in 11th Grade = 50
    *   Number of students who prefer Science in 12th Grade = 40
    *   Total number of students who prefer Science and are in 10th grade or higher = 45 + 50 + 40 = 135.

5.  **Calculate the Conditional Probability:** The probability of selecting a student who prefers Science *given* they are in 10th grade or higher is the ratio of the number found in step 4 to the number found in step 3.
    *   P(Science | 10th grade or higher) = (Number who prefer Science AND are in 10th grade or higher) / (Total number in 10th grade or higher)
    *   P(Science | 10th grade or higher) = 135 / 350

6.  **Simplify the Fraction:** Both 135 and 350 are divisible by 5.
    *   135 ÷ 5 = 27
    *   350 ÷ 5 = 70
    *   The simplified fraction is 27/70.

answer {27/70} (Since options were not provided for the new question, the answer is the calculated value.)","{'cache_tokens_details': None, 'cached_content_token_count': None, 'candidates_token_count': 955, 'candidates_tokens_details': None, 'prompt_token_count': 854, 'prompt_tokens_details': [ModalityTokenCount(modality=<MediaModality.TEXT: 'TEXT'>, token_count=854)], 'thoughts_token_count': 1220, 'tool_use_prompt_token_count': None, 'tool_use_prompt_tokens_details': None, 'total_token_count': 3029, 'traffic_type': None}"
12,14,"Given two random samples of votes for a proposition: Sample A (52% in favor, ±4.2%) and Sample B (48% in favor, ±1.6%). Which of the following is the most appropriate reason that the margin of error for Sample A is greater than the margin of error for Sample B?","{'A': 'Sample A had a smaller number of votes that could not be recorded.', 'B': 'Sample A had a higher percentage of favorable responses.', 'C': 'Sample A had a larger sample size.', 'D': 'Sample A had a smaller sample size.'}",Problem-Solving and Data Analysis,Understanding of statistical sampling and margin of error,'D',"*   **Understanding Margin of Error (MoE):** The margin of error in a statistical survey indicates the range within which the true population parameter (in this case, the true percentage of voters in favor) is likely to fall, based on the sample results. It quantifies the uncertainty due to random sampling.

*   **Formula for MoE (for a proportion):** The margin of error is typically calculated using a formula like:
    MoE = z * sqrt[ p̂ * (1 - p̂) / n ]
    Where:
    *   `z` is the critical value from the standard normal distribution corresponding to the desired confidence level (e.g., 1.96 for 95% confidence). We usually assume the same confidence level for comparing MoEs unless stated otherwise.
    *   `p̂` is the sample proportion (e.g., 0.52 for Sample A, 0.48 for Sample B).
    *   `n` is the sample size.

*   **Analyzing the Factors:**
    1.  **Confidence Level (z):** We assume this is the same for both samples.
    2.  **Sample Proportion (p̂):** The term `p̂ * (1 - p̂)` affects the MoE. This term represents the variance of the sample proportion and is maximized when p̂ = 0.5.
        *   For Sample A: p̂ = 0.52, so p̂ * (1 - p̂) = 0.52 * 0.48 = 0.2496
        *   For Sample B: p̂ = 0.48, so p̂ * (1 - p̂) = 0.48 * 0.52 = 0.2496
        Since 0.52 and 0.48 are equidistant from 0.5, the `p̂ * (1 - p̂)` part of the formula is actually the same for both samples. Therefore, the difference in the observed percentages (52% vs. 48%) is *not* the reason for the difference in MoE in this specific case.
    3.  **Sample Size (n):** The sample size `n` appears in the denominator inside the square root.
        *   As `n` increases, the fraction `p̂ * (1 - p̂) / n` decreases.
        *   Consequently, the square root decreases, and the MoE decreases.
        *   Conversely, as `n` decreases, the MoE increases.

*   **Applying to the Problem:**
    *   We are given MoE_A (±4.2%) is greater than MoE_B (±1.6%).
    *   We've seen that the difference in proportions (52% vs 48%) doesn't explain this difference because `p̂(1-p̂)` is the same for both.
    *   The only remaining factor in the standard formula that can explain the difference is the sample size `n`.
    *   Since MoE is inversely related to the square root of `n`, a larger MoE implies a smaller `n`.
    *   Therefore, Sample A must have a smaller sample size than Sample B.

*   **Evaluating the Options:**
    *   A: 'Sample A had a smaller number of votes that could not be recorded.' - This refers to non-response or missing data, which isn't the direct factor in the MoE calculation based on reported results.
    *   B: 'Sample A had a higher percentage of favorable responses.' - As shown, this factor (p̂) results in the same variance term `p̂(1-p̂)` for both samples and doesn't explain the MoE difference.
    *   C: 'Sample A had a larger sample size.' - This would lead to a *smaller* MoE, contradicting the given information.
    *   D: 'Sample A had a smaller sample size.' - This aligns perfectly with our analysis: a smaller sample size leads to a larger margin of error.

*   **Conclusion:** The most appropriate reason for Sample A having a larger margin of error than Sample B, given the proportions are close to 50%, is that Sample A had a smaller sample size.

answer {'D'}","{'cache_tokens_details': None, 'cached_content_token_count': None, 'candidates_token_count': 938, 'candidates_tokens_details': None, 'prompt_token_count': 174, 'prompt_tokens_details': [ModalityTokenCount(modality=<MediaModality.TEXT: 'TEXT'>, token_count=174)], 'thoughts_token_count': 1242, 'tool_use_prompt_token_count': None, 'tool_use_prompt_tokens_details': None, 'total_token_count': 2354, 'traffic_type': None}","Two polling organizations conducted surveys on public support for a proposed policy.

Poll 1 reported 60% support with a margin of error of \( \pm 3 \) percentage points.

Poll 2 reported 55% support with a margin of error of \( \pm 5 \) percentage points.

Assuming both polls used the same confidence level, which of the following is the most appropriate explanation for Poll 2 having a larger margin of error than Poll 1?

(A) Poll 2 reported a lower percentage of support than Poll 1.
(B) The reported percentage of support in Poll 2 is closer to 50% than in Poll 1.
(C) Poll 2 had a smaller sample size than Poll 1.
(D) Poll 2 surveyed a different demographic group than Poll 1.",C,"{'cache_tokens_details': None, 'cached_content_token_count': None, 'candidates_token_count': 204, 'candidates_tokens_details': None, 'prompt_token_count': 1216, 'prompt_tokens_details': [ModalityTokenCount(modality=<MediaModality.TEXT: 'TEXT'>, token_count=1216)], 'thoughts_token_count': 1993, 'tool_use_prompt_token_count': None, 'tool_use_prompt_tokens_details': None, 'total_token_count': 3413, 'traffic_type': None}"
13,15,"To determine the mean number of children per household in a community, Tabitha surveyed 20 families at a playground. For the 20 families surveyed, the mean number of children per household was 2.4. Which of the following statements must be true?","{'A': 'The mean number of children per household in the community is 2.4.', 'B': 'A determination about the mean number of children per household in the community should not be made because the sample size is too small.', 'C': 'The sampling method is flawed and may produce a biased estimate of the mean number of children per household in the community.', 'D': 'The sampling method is not flawed and is likely to produce an unbiased estimate of the mean number of children per household in the community.'}",Problem-Solving and Data Analysis,Evaluating statistical claims: observational studies and experiments,C,"**Step-by-step thinking:**

1.  **Identify the Goal:** The goal is to estimate the mean number of children per household in a *community*.
2.  **Identify the Population:** The population is all households in the community.
3.  **Identify the Sample:** The sample consists of 20 families surveyed at a playground.
4.  **Identify the Sample Statistic:** The mean number of children for the sample is 2.4.
5.  **Evaluate the Sampling Method:** The survey was conducted at a playground. Playgrounds are primarily visited by families *with* children, especially younger children. Households without children, households with only older children who don't use playgrounds, single individuals, and elderly couples are significantly less likely, or not at all likely, to be found at a playground.
6.  **Assess Representativeness:** Because the sample was drawn from a specific location (playground) that attracts a particular subgroup of the population (families with children), the sample is unlikely to be representative of the *entire* community's households. It systematically excludes or underrepresents households without children.
7.  **Consider Bias:** A sampling method that systematically favors certain parts of the population over others leads to a biased sample. In this case, sampling at a playground will likely overestimate the true mean number of children per household in the community because it overrepresents families with children and excludes families without children.
8.  **Evaluate the Options:**
    *   **A:** We only know the sample mean is 2.4. We cannot conclude the population mean is 2.4, especially given the flawed sampling method. This statement is not necessarily true.
    *   **B:** While a sample size of 20 might be considered small for drawing conclusions about a large community, the more significant issue here is the *method* of sampling, not just the size. A larger sample taken from the same playground would still be biased. Therefore, focusing only on the sample size isn't the core problem identified by the scenario.
    *   **C:** This statement directly addresses the issue identified in steps 5, 6, and 7. The sampling method (surveying at a playground) is flawed because it does not represent the entire community (it excludes households without children). This flaw is likely to produce a biased estimate (likely an overestimate) of the community mean. This statement aligns perfectly with the analysis.
    *   **D:** This statement claims the opposite of our analysis. The sampling method *is* flawed and *unlikely* to produce an unbiased estimate.

9.  **Conclusion:** The most accurate statement that must be true based on the information is that the sampling method is flawed and likely biased.

**Answer:**
The sampling method used by Tabitha is convenience sampling, specifically targeting families at a playground. This location inherently attracts households with children and excludes households without children, as well as potentially underrepresenting households with only older children.

*   **Representativeness:** A sample should ideally be representative of the entire population (all households in the community) to make accurate inferences about the population mean. Households without children are a significant part of most communities, and they are systematically excluded from this sample.
*   **Bias:** Because the sample overrepresents households with children, the sample mean of 2.4 children per household is likely higher than the true mean number of children per household for the *entire* community. This type of systematic error introduced by the sampling method is called bias.

Let's evaluate the options based on this analysis:
*   **A:** The sample mean is 2.4, but we cannot conclude this is the mean for the entire community due to the potential bias in the sampling method. This statement is not necessarily true.
*   **B:** While n=20 is a relatively small sample size, the primary issue described is the *method* of sampling and the resulting bias, not just the sample size. A larger sample from the same playground would still be biased.
*   **C:** This statement accurately points out the flaw in the sampling method (sampling at a playground) and correctly identifies that this flaw may lead to a biased estimate of the community mean. This statement must be true given the description.
*   **D:** This statement is incorrect because the sampling method is clearly flawed (not representative) and therefore unlikely to produce an unbiased estimate.

Therefore, the statement that must be true is that the sampling method is flawed and may produce a biased estimate.

answer {C}","{'cache_tokens_details': None, 'cached_content_token_count': None, 'candidates_token_count': 945, 'candidates_tokens_details': None, 'prompt_token_count': 211, 'prompt_tokens_details': [ModalityTokenCount(modality=<MediaModality.TEXT: 'TEXT'>, token_count=211)], 'thoughts_token_count': 1050, 'tool_use_prompt_token_count': None, 'tool_use_prompt_tokens_details': None, 'total_token_count': 2206, 'traffic_type': None}","To estimate the average age of registered voters in a town, a researcher surveyed 50 people at a local college campus bookstore. The average age of the 50 people surveyed was 21 years. Which of the following statements must be true?

given options
{'A': 'The average age of registered voters in the town is approximately 21 years.', 'B': 'The sample size is too small to draw any conclusion about the town\'s registered voters.', 'C': 'The sampling method is flawed and is likely to produce an estimate that is lower than the actual average age of registered voters in the town.', 'D': 'The sampling method is not flawed and is likely to produce an unbiased estimate of the average age of registered voters in the town.'}","**Step-by-step thinking:**

1.  **Identify the Goal:** The researcher wants to estimate the average age of registered voters in the *town*.
2.  **Identify the Population:** The population is all registered voters in the town.
3.  **Identify the Sample:** The sample consists of 50 people surveyed at a local college campus bookstore.
4.  **Identify the Sample Statistic:** The average age for the sample is 21 years.
5.  **Evaluate the Sampling Method:** The survey was conducted at a college campus bookstore. College campuses are primarily frequented by students, faculty, and staff, most of whom are likely younger adults, especially students. This location systematically excludes or significantly underrepresents older residents of the town who are registered voters but do not frequent the campus.
6.  **Assess Representativeness:** Because the sample was drawn from a location (college campus) that attracts a very specific age demographic (primarily young adults), the sample is highly unlikely to be representative of the age distribution of *all* registered voters in the town.
7.  **Consider Bias:** A sampling method that systematically favors certain parts of the population over others leads to a biased sample. In this case, sampling at a college campus will heavily overrepresent younger voters and underrepresent older voters. This will likely cause the sample average age to be significantly lower than the true average age of registered voters in the entire town.
8.  **Evaluate the Options:**
    *   **A:** We only know the sample average age is 21. We cannot conclude the population average age is approximately 21, especially given the biased sampling method which skews towards younger individuals. This statement is not necessarily true.
    *   **B:** While a sample size of 50 might be considered small for a large town, the primary and more significant issue described here is the *method* of sampling and the resulting bias, not just the sample size. A larger sample taken from the same college campus would still be biased towards younger ages. Therefore, focusing only on the sample size isn't the core problem identified by the scenario.
    *   **C:** This statement directly addresses the issue identified in steps 5, 6, and 7. The sampling method (surveying at a college campus) is flawed because it does not represent the age distribution of the entire population of registered voters in the town (it overrepresents younger voters). This flaw is likely to produce a biased estimate (specifically, an underestimate) of the true average age of registered voters in the town. This statement aligns perfectly with the analysis.
    *   **D:** This statement claims the opposite of our analysis. The sampling method *is* flawed and *unlikely* to produce an unbiased estimate.

9.  **Conclusion:** The most accurate statement that must be true based on the information is that the sampling method is flawed and is likely to produce an estimate that is lower than the actual average age of registered voters in the town.

**Answer:**
The researcher used convenience sampling by surveying people at a college campus bookstore. This location is not representative of the entire population of registered voters in the town, as it is heavily skewed towards younger individuals.

*   **Representativeness:** To estimate the average age of *all registered voters* in the town, the sample should reflect the age distribution of that entire group. A college campus primarily contains young adults.
*   **Bias:** By surveying at a college campus, the researcher is systematically over-sampling young voters and under-sampling older voters. This bias will cause the sample mean age (21 years) to be lower than the true mean age of all registered voters in the town.

Let's evaluate the options:
*   **A:** The sample mean is 21, but due to the strong bias towards younger ages, we cannot assume this is representative of the entire town's registered voters. This is likely false.
*   **B:** While sample size is a factor in the precision of an estimate, the primary problem here is the *sampling method* causing bias, not just the size. Even a large sample from the same location would be biased.
*   **C:** This statement correctly identifies the flawed method (sampling at a college campus) and the likely direction of the bias (an estimate lower than the true average age) due to the overrepresentation of young people in the sample. This statement must be true.
*   **D:** This statement is incorrect. The sampling method is clearly flawed (not representative of the population) and is highly likely to produce a biased estimate.

Therefore, the statement that must be true is that the sampling method is flawed and is likely to produce an estimate that is lower than the actual average age of registered voters in the town.

answer {C}","{'cache_tokens_details': None, 'cached_content_token_count': None, 'candidates_token_count': 1192, 'candidates_tokens_details': None, 'prompt_token_count': 1260, 'prompt_tokens_details': [ModalityTokenCount(modality=<MediaModality.TEXT: 'TEXT'>, token_count=1260)], 'thoughts_token_count': 980, 'tool_use_prompt_token_count': None, 'tool_use_prompt_tokens_details': None, 'total_token_count': 3432, 'traffic_type': None}"
16,18,"Triangle ABC is similar to triangle DEF, where A corresponds to D and C corresponds to F. Angles C and F are right angles. If tan(A) = \sqrt{3} and DF = 125, what is the length of DE?","{'A': '125√3/3', 'B': '125√3/2', 'C': '125√3', 'D': '250'}",Geometry and Trigonometry,Right triangles and trigonometry,250,"Okay, let's break down the problem step-by-step.

1.  **Understand Similarity:** We are given that triangle ABC is similar to triangle DEF (△ABC ~ △DEF). This means their corresponding angles are equal, and the ratios of their corresponding sides are equal. The correspondence is A ↔ D, B ↔ E, C ↔ F.
    *   So, ∠A = ∠D, ∠B = ∠E, ∠C = ∠F.
    *   Also, AB/DE = BC/EF = AC/DF.

2.  **Identify Triangle Types:** We are told that angles C and F are right angles (∠C = 90°, ∠F = 90°). This means both triangles are right-angled triangles.

3.  **Use the Given Angle Information:** We are given tan(A) = √3.
    *   In a right-angled triangle ABC (right-angled at C), tan(A) = Opposite side / Adjacent side = BC / AC.
    *   So, BC/AC = √3.
    *   We also know that tan(60°) = √3. Therefore, ∠A = 60°.

4.  **Apply Similarity to Angles:** Since △ABC ~ △DEF and A ↔ D, we have ∠D = ∠A.
    *   Since ∠A = 60°, we have ∠D = 60°.

5.  **Focus on Triangle DEF:** We now know the following about triangle DEF:
    *   It's a right-angled triangle with ∠F = 90°.
    *   One of the other angles is ∠D = 60°.
    *   The third angle must be ∠E = 180° - 90° - 60° = 30°.
    *   We are given the length of side DF = 125.
    *   We need to find the length of side DE.

6.  **Solve for DE in Triangle DEF:** In the right-angled triangle DEF:
    *   DE is the hypotenuse (opposite the right angle F).
    *   DF is the side adjacent to angle D.
    *   EF is the side opposite to angle D.
    *   We can use the cosine function, which relates the adjacent side, the hypotenuse, and the angle: cos(D) = Adjacent / Hypotenuse = DF / DE.
    *   We know ∠D = 60° and DF = 125. We also know that cos(60°) = 1/2.
    *   Substituting the values: cos(60°) = 125 / DE
    *   1/2 = 125 / DE
    *   Cross-multiply: 1 * DE = 2 * 125
    *   DE = 250.

7.  **Compare with Options:** The calculated value DE = 250 matches option D.

answer {250}","{'cache_tokens_details': None, 'cached_content_token_count': None, 'candidates_token_count': 664, 'candidates_tokens_details': None, 'prompt_token_count': 145, 'prompt_tokens_details': [ModalityTokenCount(modality=<MediaModality.TEXT: 'TEXT'>, token_count=145)], 'thoughts_token_count': 1480, 'tool_use_prompt_token_count': None, 'tool_use_prompt_tokens_details': None, 'total_token_count': 2289, 'traffic_type': None}","Triangle PQR is similar to triangle XYZ, where P corresponds to X and R corresponds to Z. Angles R and Z are right angles. If sin(P) = 1/2 and XY = 300, what is the length of XZ?
 given options
 {'A': '150', 'B': '150√3', 'C': '300√3', 'D': '300'}","Okay, let's break down the problem step-by-step.

1.  **Understand Similarity:** Given that triangle PQR is similar to triangle XYZ (△PQR ~ △XYZ) with P corresponding to X, Q to Y, and R to Z. This means their corresponding angles are equal (∠P = ∠X, ∠Q = ∠Y, ∠R = ∠Z) and the ratios of their corresponding sides are equal (PQ/XY = QR/YZ = PR/XZ).

2.  **Identify Triangle Types:** Angles R and Z are right angles (∠R = 90°, ∠Z = 90°). Both triangles are right-angled triangles.

3.  **Use the Given Angle Information:** We are given sin(P) = 1/2. In a right-angled triangle PQR (right-angled at R), sin(P) = Opposite side / Hypotenuse = QR / PQ. So, QR/PQ = 1/2.

4.  **Determine Angle P:** The sine value of 1/2 corresponds to an angle of 30°. Therefore, ∠P = 30°.

5.  **Apply Similarity to Angles:** Since △PQR is similar to △XYZ and P corresponds to X, we have ∠X = ∠P. So, ∠X = 30°.

6.  **Focus on Triangle XYZ:** We now know the following about triangle XYZ:
    *   It's a right-angled triangle with ∠Z = 90°.
    *   One of the other angles is ∠X = 30°.
    *   The third angle must be ∠Y = 180° - 90° - 30° = 60°.
    *   We are given the length of side XY = 300. In △XYZ, XY is the hypotenuse (opposite the right angle Z).
    *   We need to find the length of side XZ.

7.  **Find XZ:** In the right-angled triangle XYZ, XZ is the side adjacent to angle X. We can use the cosine function:
    cos(X) = Adjacent side / Hypotenuse = XZ / XY.

8.  **Substitute Values:** We know ∠X = 30°, XY = 300, and we know that cos(30°) = √3/2.
    cos(30°) = XZ / 300
    √3/2 = XZ / 300

9.  **Solve for XZ:** To find XZ, multiply both sides of the equation by 300:
    XZ = 300 * (√3/2)
    XZ = (300/2) * √3
    XZ = 150√3.

10. **Final Answer:** The length of XZ is 150√3.","{'cache_tokens_details': None, 'cached_content_token_count': None, 'candidates_token_count': 773, 'candidates_tokens_details': None, 'prompt_token_count': 913, 'prompt_tokens_details': [ModalityTokenCount(modality=<MediaModality.TEXT: 'TEXT'>, token_count=913)], 'thoughts_token_count': 1708, 'tool_use_prompt_token_count': None, 'tool_use_prompt_tokens_details': None, 'total_token_count': 3394, 'traffic_type': None}"
